{
  "id": "3369813",
  "name": "DECO3100_A3",
  "font_family": "iconfont",
  "css_prefix_text": "icon-",
  "description": "",
  "glyphs": [
    {
      "icon_id": "1567664",
      "name": "tick",
      "font_class": "tick",
      "unicode": "e6a9",
      "unicode_decimal": 59049
    },
    {
      "icon_id": "29950",
      "name": "time",
      "font_class": "time",
      "unicode": "e65f",
      "unicode_decimal": 58975
    },
    {
      "icon_id": "14679531",
      "name": "flag",
      "font_class": "flag",
      "unicode": "e700",
      "unicode_decimal": 59136
    },
    {
      "icon_id": "2076214",
      "name": "暂停",
      "font_class": "zanting",
      "unicode": "e87a",
      "unicode_decimal": 59514
    },
    {
      "icon_id": "6129085",
      "name": "49最后一页、末页、下一首",
      "font_class": "zuihouyiyemoyexiayishou",
      "unicode": "e76d",
      "unicode_decimal": 59245
    },
    {
      "icon_id": "6129086",
      "name": "48第一页、首页、上一首",
      "font_class": "diyiyeshouyeshangyishou",
      "unicode": "e76e",
      "unicode_decimal": 59246
    },
    {
      "icon_id": "1250",
      "name": "其它",
      "font_class": "qita",
      "unicode": "e600",
      "unicode_decimal": 58880
    },
    {
      "icon_id": "7418",
      "name": "返回",
      "font_class": "fanhui",
      "unicode": "e601",
      "unicode_decimal": 58881
    },
    {
      "icon_id": "425606",
      "name": "编辑",
      "font_class": "bianji",
      "unicode": "e612",
      "unicode_decimal": 58898
    },
    {
      "icon_id": "705712",
      "name": "重复",
      "font_class": "zhongfu",
      "unicode": "e636",
      "unicode_decimal": 58934
    },
    {
      "icon_id": "1727511",
      "name": "301加",
      "font_class": "jia",
      "unicode": "e8e1",
      "unicode_decimal": 59617
    },
    {
      "icon_id": "2076218",
      "name": "播放2",
      "font_class": "bofang",
      "unicode": "e87c",
      "unicode_decimal": 59516
    },
    {
      "icon_id": "3538379",
      "name": "删除",
      "font_class": "shanchu",
      "unicode": "e718",
      "unicode_decimal": 59160
    },
    {
      "icon_id": "4118038",
      "name": "关闭",
      "font_class": "guanbi",
      "unicode": "eb6a",
      "unicode_decimal": 60266
    },
    {
      "icon_id": "8530603",
      "name": "日历",
      "font_class": "rili",
      "unicode": "e615",
      "unicode_decimal": 58901
    },
    {
      "icon_id": "11613944",
      "name": "添加",
      "font_class": "tianjia",
      "unicode": "e604",
      "unicode_decimal": 58884
    },
    {
      "icon_id": "13401002",
      "name": "设置",
      "font_class": "shezhi",
      "unicode": "e61f",
      "unicode_decimal": 58911
    },
    {
      "icon_id": "18828409",
      "name": "子任务",
      "font_class": "child-task",
      "unicode": "e614",
      "unicode_decimal": 58900
    }
  ]
}
